Category,n,prop
Friend,177,0.4224343675417661
Work,136,0.324582338902148
Family,46,0.10978520286396182
Partner,40,0.0954653937947494
Other,18,0.04295942720763723
Stranger,2,0.00477326968973747
