Category,n,prop
Friend,179,0.41531322505800466
Work,146,0.33874709976798145
Family,46,0.10672853828306264
Partner,40,0.09280742459396751
Other,18,0.04176334106728538
Stranger,2,0.004640371229698376
